name;club;age;position;position_cat;market_value;page_views;fpl_value;fpl_sel;fpl_points;region;nationality;new_foreign;age_cat;club_id;big_club;new_signing;ratio;;;assignment;AT;MID;DEF;GK;;features;constrains;relation;result;;squad;position
Gareth McAuley;West+Brom;37;CB;3;1,00;458;5,00;11,8;131;2;Northern Ireland;0;6;19;0;0;131;;;1;;;1;;;points;;maximize;1581;;Gareth McAuley;DEF
Artur Boruc;Bournemouth;37;GK;4;1,00;436;4,50;6,9;120;2;Poland;0;6;2;0;0;120;;;0;;;;0;;expense;100;>=;98;;;
Heurelho Gomes;Watford;36;GK;4;1,00;439;4,50;2,2;113;3;Brazil;0;6;18;0;0;113;;;0;;;;0;;players;11;=;11;;;
Lee Grant;Stoke+City;34;GK;4;1,00;480;4,50;1,2;106;1;England;0;6;15;0;1;106;;;0;;;;0;;;;;;;;
Stephen Ward;Burnley;31;LB;3;1,50;152;4,50;2,5;91;2;Ireland;0;4;4;0;0;60,6666666666667;;;0;;;0;;;ATTACKERS;2;=;2;;;
Joel Castro Pereira;Manchester+United;21;GK;4;0,10;395;4,00;1;6;2;Portugal;0;1;12;1;0;60;;;0;;;;0;;MIDFIELDS;4;=;4;;;
Peter Crouch;Stoke+City;36;CF;1;1,50;2656;5,00;2,9;79;1;England;0;6;15;0;0;52,6666666666667;;;0;0;;;;;DEFENDERS;4;=;4;;;
Phil Jagielka;Everton;34;CB;3;2,00;566;5,00;6,3;104;1;England;0;6;7;0;0;52;;;0;;;0;;;GOALKEEPER;1;=;1;;;
Dean Marney;Burnley;33;CM;2;1,00;171;4,50;0;51;1;England;0;5;4;0;0;51;;;0;;0;;;;;;;;;;
Damien Delaney;Crystal+Palace;36;CB;3;1,00;195;4,50;0,6;51;2;Ireland;0;6;6;0;0;51;;;0;;;0;;;;;;;;;
Gareth Barry;Everton;36;DM;2;1,50;1331;4,50;1,7;68;1;England;0;6;7;0;0;45,3333333333333;;;0;;0;;;;;;;;;;
Charlie Daniels;Bournemouth;30;LB;3;3,00;185;5,00;19,8;134;1;England;0;4;2;0;0;44,6666666666667;;;1;;;1;;;;;;;;Charlie Daniels;DEF
Jose Holebas;Watford;33;LB;3;2,00;345;5,00;0,6;87;2;Greece;0;5;18;0;0;43,5;;;0;;;0;;;;;;;;;
Willy Caballero;Chelsea;35;GK;4;1,50;542;5,00;0,2;64;3;Argentina;0;6;5;1;0;42,6666666666667;;;0;;;;0;;;;;;;;
Stephen Kingsley;Swansea;22;LB;3;0,75;168;4,50;0,2;29;2;Scotland;0;2;16;0;0;38,6666666666667;;;0;;;0;;;;;;;;;
Jay Fulton;Swansea;23;CM;2;0,50;104;4,50;0,1;19;2;Scotland;0;2;16;0;0;38;;;0;;0;;;;;;;;;;
Tom Heaton;Burnley;31;GK;4;4,00;717;5,00;13,5;149;1;England;0;4;4;0;0;37,25;;;1;;;;1;;;;;;;Tom Heaton;GK
Matthew Lowton;Burnley;28;RB;3;2,50;121;4,50;1,2;90;1;England;0;4;4;0;0;36;;;0;;;0;;;;;;;;;
Sam Field;West+Brom;19;CM;2;0,25;15;4,50;0,1;9;1;England;0;1;19;0;0;36;;;0;;0;;;;;;;;;;
Simon Francis;Bournemouth;32;RB;3;2,50;167;4,50;4;89;1;England;0;5;2;0;0;35,6;;;0;;;0;;;;;;;;;
James Collins;West+Ham;33;CB;3;2,00;187;4,50;0,9;69;2;Wales;0;5;20;0;0;34,5;;;0;;;0;;;;;;;;;
Steven Fletcher;Stoke+City;30;CF;1;3,00;522;5,00;1;103;2;Scotland;0;4;15;0;0;34,3333333333333;;;0;0;;;;;;;;;;;
Maarten Stekelenburg;Everton;34;GK;4;2,00;623;4,50;0,3;68;2;Netherlands;0;6;7;0;1;34;;;0;;;;0;;;;;;;;
Harry Arter;Bournemouth;27;CM;2;2,50;666;5,00;0,9;84;2;Ireland;0;3;2;0;0;33,6;;;0;;0;;;;;;;;;;
Jermain Defoe;Bournemouth;34;CF;1;5,00;3213;8,00;15;166;1;England;0;6;2;0;0;33,2;;;1;1;;;;;;;;;;Jermain Defoe;AT
Ashley Barnes;Burnley;27;CF;1;2,50;287;5,50;1,2;81;1;England;0;3;4;0;0;32,4;;;0;0;;;;;;;;;;;
Marc Pugh;Bournemouth;30;LW;1;2,00;140;5,00;0,1;64;1;England;0;4;2;0;0;32;;;0;0;;;;;;;;;;;
Leon Britton;Swansea;34;CM;2;1,00;218;4,50;0,1;32;1;England;0;6;16;0;0;32;;;0;;0;;;;;;;;;;
Sam McQueen;Southampton;22;LM;2;0,75;221;4,50;0,1;23;1;England;0;2;14;0;0;30,6666666666667;;;0;;0;;;;;;;;;;
Wayne Routledge;Swansea;32;LW;1;2,50;264;5,50;0,1;74;1;England;0;5;16;0;0;29,6;;;0;0;;;;;;;;;;;
Ben Foster;West+Brom;34;GK;4;4,00;484;4,50;20,7;113;1;England;0;6;19;0;0;28,25;;;0;;;;0;;;;;;;;
Michael Carrick;Manchester+United;35;DM;2;1,50;1789;4,50;1,8;42;1;England;0;6;12;1;0;28;;;0;;0;;;;;;;;;;
Darren Randolph;West+Ham;30;GK;4;2,50;459;4,50;0,4;69;2;Ireland;0;4;20;0;0;27,6;;;0;;;;0;;;;;;;;
Yohan Benalouane;Leicester+City;30;CB;3;1,00;305;4,50;0,1;27;4;Tunisia;0;4;9;0;0;27;;;0;;;0;;;;;;;;;
Sam Vokes;Burnley;27;CF;1;4,50;290;6,00;2,9;121;2;Wales;0;3;4;0;0;26,8888888888889;;;0;0;;;;;;;;;;;
Ã€ngel Rangel;Swansea;34;RB;3;1,00;137;4,00;18,8;26;2;Spain;0;6;16;0;0;26;;;0;;;0;;;;;;;;;
Glenn Whelan;Stoke+City;33;DM;2;2,50;182;4,50;0,4;62;2;Ireland;0;5;15;0;0;24,8;;;0;;0;;;;;;;;;;
Chris Brunt;West+Brom;32;LM;2;4,00;242;5,50;0,8;99;2;Northern Ireland;0;5;19;0;0;24,75;;;1;;1;;;;;;;;;Chris Brunt;MID
Fernando Llorente;Swansea;32;CF;1;6,00;1423;7,50;0,7;146;2;Spain;0;5;16;0;1;24,3333333333333;;;0;0;;;;;;;;;;;
Josh Sims;Southampton;20;RW;1;0,50;126;4,50;0,1;12;1;England;0;1;14;0;0;24;;;0;0;;;;;;;;;;;
Junior Stanislas;Bournemouth;27;LW;1;4,50;315;6,00;0,6;107;1;England;0;3;2;0;0;23,7777777777778;;;0;0;;;;;;;;;;;
Scott Arfield;Burnley;28;LM;2;3,00;304;5,00;0,1;69;3;Canada;0;4;4;0;0;23;;;0;;0;;;;;;;;;;
Wayne Hennessey;Crystal+Palace;30;GK;4;4,00;242;4,50;2,1;92;2;Wales;0;4;6;0;0;23;;;0;;;;0;;;;;;;;
YounÃ¨s Kaboul;Watford;31;CB;3;2,50;263;4,50;0,1;57;2;France;0;4;18;0;1;22,8;;;0;;;0;;;;;;;;;
Steve Cook;Bournemouth;26;CB;3;5,00;184;5,00;2;112;1;England;0;3;2;0;0;22,4;;;0;;;0;;;;;;;;;
Joshua King;Bournemouth;25;SS;1;8,00;997;7,50;10,4;178;2;Norway;0;3;2;0;0;22,25;;;1;1;;;;;;;;;;Joshua King;AT
Andrew Surman;Bournemouth;30;CM;2;2,00;154;4,50;1,1;44;1;England;0;4;2;0;0;22;;;0;;0;;;;;;;;;;
Wes Morgan;Leicester+City;33;CB;3;3,00;649;4,50;3,3;63;3;Jamaica;0;5;9;0;0;21;;;0;;;0;;;;;;;;;
Adam Smith;Bournemouth;26;RB;3;5,00;200;5,00;0,9;104;1;England;0;3;2;0;0;20,8;;;0;;;0;;;;;;;;;
Hal Robson-Kanu;West+Brom;28;LW;1;2,50;766;5,00;0,7;52;2;Wales;0;4;19;0;1;20,8;;;0;0;;;;;;;;;;;
Miguel Britos;Watford;32;CB;3;3,50;131;4,50;0,6;71;3;Uruguay;0;5;18;0;0;20,2857142857143;;;0;;;0;;;;;;;;;
Ryan Fraser;Bournemouth;23;LW;1;5,00;516;5,50;1,6;100;2;Scotland;0;2;2;0;0;20;;;0;0;;;;;;;;;;;
Oliver McBurnie;Swansea;21;CF;1;0,25;149;4,50;0,7;5;2;Scotland;0;1;16;0;0;20;;;0;0;;;;;;;;;;;
Geoff Cameron;Stoke+City;32;CB;3;3,00;260;4,50;0,5;58;4;United States;0;5;15;0;0;19,3333333333333;;;0;;;0;;;;;;;;;
Valon Behrami;Watford;32;DM;2;2,50;237;4,50;0,4;48;2;Switzerland;0;5;18;0;0;19,2;;;0;;0;;;;;;;;;;
Petr Cech;Arsenal;35;GK;4;7,00;1529;5,50;5,9;134;2;Czech Republic;0;6;1;1;0;19,1428571428571;;;0;;;;0;;;;;;;;
Johann Berg Gudmundsson;Burnley;26;RW;1;2,50;180;5,00;0,1;47;2;Iceland;0;3;4;0;1;18,8;;;0;0;;;;;;;;;;;
Matthew Pennington;Everton;22;CB;3;0,50;219;4,00;1,7;9;1;England;0;2;7;0;0;18;;;0;;;0;;;;;;;;;
Phil Bardsley;Stoke+City;32;RB;3;1,50;365;4,50;0;27;2;Scotland;0;5;15;0;0;18;;;0;;;0;;;;;;;;;
Joel Robles;Everton;27;GK;4;5,00;304;4,50;0,4;89;2;Spain;0;3;7;0;0;17,8;;;0;;;;0;;;;;;;;
Robert Huth;Leicester+City;32;CB;3;5,00;748;5,00;0,6;88;2;Germany;0;5;9;0;0;17,6;;;0;;;0;;;;;;;;;
Christian Fuchs;Leicester+City;31;LB;3;6,00;417;5,00;3,5;104;2;Austria;0;4;9;0;0;17,3333333333333;;;0;;;0;;;;;;;;;
James McClean;West+Brom;28;LW;1;3,00;454;5,00;0,2;52;2;Ireland;0;4;19;0;0;17,3333333333333;;;0;0;;;;;;;;;;;
Joel Ward;Crystal+Palace;27;RB;3;5,00;154;5,00;0,6;86;1;England;0;3;6;0;0;17,2;;;0;;;0;;;;;;;;;
Jack Stephens;Southampton;23;CB;3;3,50;249;5,00;0,4;60;1;England;0;2;14;0;0;17,1428571428571;;;0;;;0;;;;;;;;;
Danny Simpson;Leicester+City;30;RB;3;5,00;428;4,50;5,5;85;1;England;0;4;9;0;0;17;;;0;;;0;;;;;;;;;
Craig Dawson;West+Brom;27;RB;3;6,00;215;5,00;6;102;1;England;0;3;19;0;0;17;;;0;;;0;;;;;;;;;
Charlie Adam;Stoke+City;31;CM;2;3,50;561;5,00;0,1;59;2;Scotland;0;4;15;0;0;16,8571428571429;;;0;;0;;;;;;;;;;
James Morrison;West+Brom;31;CM;2;5,00;238;5,50;0;84;2;Scotland;0;4;19;0;0;16,8;;;0;;0;;;;;;;;;;
Sebastian Prodl;Watford;30;CB;3;4,00;169;4,50;0,8;67;2;Austria;0;4;18;0;0;16,75;;;0;;;0;;;;;;;;;
Jason Puncheon;Crystal+Palace;31;AM;1;5,50;427;5,00;1,2;92;1;England;0;4;6;0;0;16,7272727272727;;;0;0;;;;;;;;;;;
Robert Snodgrass;West+Ham;29;RW;1;8,00;1210;6,00;6,5;133;2;Scotland;0;4;20;0;0;16,625;;;0;0;;;;;;;;;;;
Allan Nyom;West+Brom;29;RB;3;4,50;236;5,00;0,3;74;4;Cameroon;0;4;19;0;1;16,4444444444444;;;0;;;0;;;;;;;;;
Kyle Naughton;Swansea;28;RB;3;5,00;170;4,50;2;82;1;England;0;4;16;0;0;16,4;;;0;;;0;;;;;;;;;
Dan Gosling;Bournemouth;27;CM;2;3,00;184;5,00;0,1;49;1;England;0;3;2;0;0;16,3333333333333;;;0;;0;;;;;;;;;;
Lee Chung-yong;Crystal+Palace;29;RW;1;1,50;327;4,50;0,1;24;4;South Korea;0;4;6;0;0;16;;;0;0;;;;;;;;;;;
Ashley Fletcher;West+Ham;21;CF;1;1,00;412;4,50;5,9;16;1;England;0;1;20;0;1;16;;;0;0;;;;;;;;;;;
Ashley Williams;Everton;32;CB;3;8,00;599;5,50;4,7;127;2;Wales;0;5;7;0;1;15,875;;;1;;;1;;;;;;;;Ashley Williams;DEF
Marc Albrighton;Leicester+City;27;LM;2;6,00;347;5,50;1,1;95;1;England;0;3;9;0;0;15,8333333333333;;;0;;0;;;;;;;;;;
Ben Mee;Burnley;27;CB;3;6,00;166;4,50;13,7;94;1;England;0;3;4;0;0;15,6666666666667;;;0;;;0;;;;;;;;;
Alfie Mawson;Swansea;23;CB;3;6,00;509;5,00;1,8;94;1;England;0;2;16;0;1;15,6666666666667;;;0;;;0;;;;;;;;;
Maya Yoshida;Southampton;28;CB;3;5,00;317;5,00;1,1;78;4;Japan;0;4;14;0;0;15,6;;;0;;;0;;;;;;;;;
Cuco Martina;Everton;27;RB;3;2,00;232;4,50;0,4;31;2;Curacao;0;3;7;0;0;15,5;;;0;;;0;;;;;;;;;
Martin Kelly;Crystal+Palace;27;RB;3;3,00;210;4,50;0,3;46;1;England;0;3;6;0;0;15,3333333333333;;;0;;;0;;;;;;;;;
Adrian Mariappa;Watford;30;CB;3;1,00;201;4,00;5,4;15;3;Jamaica;0;4;18;0;1;15;;;0;;;0;;;;;;;;;
Erik Pieters;Stoke+City;28;LB;3;7,00;134;5,00;1,3;103;2;Netherlands;0;4;15;0;0;14,7142857142857;;;0;;;0;;;;;;;;;
Ã‰tienne Capoue;Watford;29;DM;2;9,00;412;5,50;8;131;2;France;0;4;18;0;0;14,5555555555556;;;1;;1;;;;;;;;;Ã‰tienne Capoue;MID
Nordin Amrabat;Watford;30;LW;1;4,50;295;5,00;0,1;65;4;Morocco;0;4;18;0;0;14,4444444444444;;;0;0;;;;;;;;;;;
Axel Tuanzebe;Manchester+United;19;CB;3;1,00;279;4,00;1,7;14;1;England;0;1;12;1;0;14;;;0;;;0;;;;;;;;;
Jose Fonte;West+Ham;33;CB;3;7,00;867;5,00;2,1;98;2;Portugal;0;5;20;0;1;14;;;0;;;0;;;;;;;;;
Andy King;Leicester+City;28;CM;2;3,00;327;4,50;0,7;41;2;Wales;0;4;9;0;0;13,6666666666667;;;0;;0;;;;;;;;;;
Claudio Yacob;West+Brom;30;DM;2;4,00;165;4,50;0,4;54;3;Argentina;0;4;19;0;0;13,5;;;0;;0;;;;;;;;;;
James McArthur;Crystal+Palace;29;CM;2;7,00;216;4,50;10,9;93;2;Scotland;0;4;6;0;0;13,2857142857143;;;0;;0;;;;;;;;;;
Åukasz FabiaÅ„ski;Swansea;32;GK;4;9,00;285;4,50;6,2;116;2;Poland;0;5;16;0;0;12,8888888888889;;;0;;;;0;;;;;;;;
Steven Davis;Southampton;32;CM;2;6,00;310;5,00;0,2;77;2;Northern Ireland;0;5;14;0;0;12,8333333333333;;;0;;0;;;;;;;;;;
Matt Phillips;West+Brom;26;RW;1;9,00;454;6,00;5,6;115;2;Scotland;0;3;19;0;1;12,7777777777778;;;0;0;;;;;;;;;;;
Jeff Hendrick;Burnley;25;CM;2;6,00;352;5,50;0,2;76;2;Ireland;0;3;4;0;1;12,6666666666667;;;0;;0;;;;;;;;;;
Ragnar Klavan;Liverpool;31;CB;3;3,50;875;4,50;0,4;43;2;Estonia;0;4;10;1;1;12,2857142857143;;;0;;;0;;;;;;;;;
Scott Dann;Crystal+Palace;30;CB;3;5,00;217;5,00;1,1;61;1;England;0;4;6;0;0;12,2;;;0;;;0;;;;;;;;;
Antonio Valencia;Manchester+United;31;RB;3;10,00;1561;6,50;6,2;120;3;Ecuador;0;4;12;1;0;12;;;0;;;0;;;;;;;;;
Leroy Fer;Swansea;27;CM;2;8,00;411;5,50;0,6;95;2;Netherlands;0;3;16;0;1;11,875;;;0;;0;;;;;;;;;;
Troy Deeney;Watford;29;CF;1;11,00;1141;6,50;3,4;130;1;England;0;4;18;0;0;11,8181818181818;;;0;0;;;;;;;;;;;
James Milner;Liverpool;31;CM;2;12,00;1824;6,50;10,4;139;1;England;0;4;10;1;0;11,5833333333333;;;1;;1;;;;;;;;;James Milner;MID
James Tarkowski;Burnley;24;CB;3;2,00;116;4,50;0,1;23;1;England;0;2;4;0;0;11,5;;;0;;;0;;;;;;;;;
Marc Muniesa;Stoke+City;25;CB;3;3,00;172;4,50;0,2;34;2;Spain;0;3;15;0;0;11,3333333333333;;;0;;;0;;;;;;;;;
Modou Barrow;Swansea;24;RW;1;3,00;437;5,00;0,1;34;4;The Gambia;0;2;16;0;0;11,3333333333333;;;0;0;;;;;;;;;;;
Jonny Evans;West+Brom;29;CB;3;7,00;375;5,00;1,6;79;2;Northern Ireland;0;4;19;0;0;11,2857142857143;;;0;;;0;;;;;;;;;
Leighton Baines;Everton;32;LB;3;12,00;491;6,00;10;135;1;England;0;5;7;0;0;11,25;;;0;;;0;;;;;;;;;
Glen Johnson;Stoke+City;32;RB;3;5,00;512;4,50;0,8;56;1;England;0;5;15;0;0;11,2;;;0;;;0;;;;;;;;;
Gary Cahill;Chelsea;31;CB;3;16,00;1420;6,50;12;178;1;England;0;4;5;1;0;11,125;;;1;;;1;;;;;;;;Gary Cahill;DEF
Jake Livermore;West+Brom;27;DM;2;7,00;564;5,00;0,2;77;1;England;0;3;19;0;0;11;;;0;;0;;;;;;;;;;
Kasper Schmeichel;Leicester+City;30;GK;4;10,00;1601;5,00;2,4;109;2;Denmark;0;4;9;0;0;10,9;;;0;;;;0;;;;;;;;
Patrick van Aanholt;Crystal+Palace;26;LB;3;9,00;524;5,50;4,2;98;2;Netherlands;0;3;6;0;0;10,8888888888889;;;0;;;0;;;;;;;;;
Andre Gray;Burnley;26;CF;1;10,00;687;6,50;1,7;108;1;England;0;3;4;0;0;10,8;;;0;0;;;;;;;;;;;
Mason Holgate;Everton;20;CB;3;5,00;344;4,50;2,9;54;1;England;0;1;7;0;0;10,8;;;0;;;0;;;;;;;;;
Yaya Toure;Manchester+City;34;CM;2;8,00;2318;6,50;2,5;86;4;Cote d'Ivoire;0;6;11;1;0;10,75;;;0;;0;;;;;;;;;;
Jamie Vardy;Leicester+City;30;CF;1;15,00;2988;8,50;1,5;161;1;England;0;4;9;0;0;10,7333333333333;;;0;0;;;;;;;;;;;
James Tomkins;Crystal+Palace;28;CB;3;7,00;208;4,50;2;75;1;England;0;4;6;0;1;10,7142857142857;;;0;;;0;;;;;;;;;
Daniel Amartey;Leicester+City;22;DM;2;5,00;356;4,50;0,3;53;4;Ghana;0;2;9;0;0;10,6;;;0;;0;;;;;;;;;;
Martin Olsson;Swansea;29;LB;3;5,00;458;5,00;0,3;52;2;Sweden;0;4;16;0;0;10,4;;;0;;;0;;;;;;;;;
Winston Reid;West+Ham;29;CB;3;10,00;338;5,00;0,4;102;4;New Zealand;0;4;20;0;0;10,2;;;0;;;0;;;;;;;;;
Mark Noble;West+Ham;30;CM;2;7,00;425;5,50;0,1;71;1;England;0;4;20;0;0;10,1428571428571;;;0;;0;;;;;;;;;;
Jack Cork;Burnley;28;DM;2;5,00;204;4,50;0,5;50;1;England;0;4;4;0;0;10;;;0;;0;;;;;;;;;;
Trent Alexander-Arnold;Liverpool;18;RB;3;1,50;327;4,50;0,3;15;2;England;0;1;10;1;0;10;;;0;;;0;;;;;;;;;
Andros Townsend;Crystal+Palace;26;RW;1;12,00;693;6,00;2,7;116;1;England;0;3;6;0;1;9,66666666666667;;;0;0;;;;;;;;;;;
Aleksandar Kolarov;Manchester+City;31;LB;3;10,00;633;5,50;1,1;95;2;Serbia;0;4;11;1;0;9,5;;;0;;;0;;;;;;;;;
Simon Mignolet;Liverpool;29;GK;4;12,00;721;5,00;1,6;110;2;Belgium;0;4;10;1;0;9,16666666666667;;;0;;;;0;;;;;;;;
Kevin Mirallas;Everton;29;RW;1;13,00;417;6,50;3,2;119;2;Belgium;0;4;7;0;0;9,15384615384615;;;0;0;;;;;;;;;;;
Claudio Bravo;Manchester+City;34;GK;4;8,00;436;5,00;1,2;73;3;Chile;0;6;11;1;1;9,125;;;0;;;;0;;;;;;;;
Steven Defour;Burnley;29;CM;2;6,00;336;5,50;0,2;54;2;Belgium;0;4;4;0;1;9;;;0;;0;;;;;;;;;;
Shinji Okazaki;Leicester+City;31;CF;1;7,00;607;5,50;1,2;63;4;Japan;0;4;9;0;0;9;;;0;0;;;;;;;;;;;
Josh Tymon;Stoke+City;18;LB;3;1,00;120;4,50;0,1;9;1;England;0;1;15;0;0;9;;;0;;;0;;;;;;;;;
Fraser Forster;Southampton;29;GK;4;15,00;548;5,00;7,3;134;1;England;0;4;14;0;0;8,93333333333333;;;0;;;;0;;;;;;;;
Alex Iwobi;Arsenal;21;LW;1;10,00;1812;5,50;1;89;4;Nigeria;0;1;1;1;0;8,9;;;0;0;;;;;;;;;;;
Harry Maguire;Leicester+City;24;CB;3;8,00;488;5,00;1,5;71;1;England;0;2;9;0;0;8,875;;;0;;;0;;;;;;;;;
Manuel Lanzini;West+Ham;24;AM;1;15,00;493;7,00;7,2;133;3;Argentina;0;2;20;0;0;8,86666666666667;;;0;0;;;;;;;;;;;
Nacho Monreal;Arsenal;31;LB;3;13,00;555;5,50;4,7;115;2;Spain;0;4;1;1;0;8,84615384615385;;;0;;;0;;;;;;;;;
Benik Afobe;Bournemouth;24;CF;1;10,00;528;6,00;0,7;88;4;Congo DR;0;2;2;0;0;8,8;;;0;0;;;;;;;;;;;
Tom Carroll;Swansea;25;CM;2;6,00;432;4,50;4,3;52;1;England;0;3;16;0;0;8,66666666666667;;;0;;0;;;;;;;;;;
Ryan Shawcross;Stoke+City;29;CB;3;11,00;281;5,00;1;94;2;England;0;4;15;0;0;8,54545454545455;;;0;;;0;;;;;;;;;
Nathan Redmond;Southampton;23;RW;1;15,00;706;6,50;11,3;126;1;England;0;2;14;0;1;8,4;;;0;0;;;;;;;;;;;
Wilfried Zaha;Crystal+Palace;24;RW;1;18,00;1709;7,00;20,9;149;4;Cote d'Ivoire;0;2;6;0;0;8,27777777777778;;;0;0;;;;;;;;;;;
Emiliano Martinez;Arsenal;24;GK;4;1,00;372;4,00;4,2;8;3;Argentina;0;2;1;1;0;8;;;0;;;;0;;;;;;;;
Adam Federici;Bournemouth;32;GK;4;1,00;126;4,00;1,5;8;4;Australia;0;5;2;0;0;8;;;0;;;;0;;;;;;;;
Divock Origi;Liverpool;22;CF;1;12,00;1092;7,50;0,4;96;2;Belgium;0;2;10;1;0;8;;;0;0;;;;;;;;;;;
Oriol Romeu;Southampton;25;DM;2;10,00;476;4,50;4,2;80;2;Spain;0;3;14;0;0;8;;;0;;0;;;;;;;;;;
Mike van der Hoorn;Swansea;24;CB;3;2,00;154;4,50;0,1;16;2;Netherlands;0;2;16;0;1;8;;;0;;;0;;;;;;;;;
Jonathan Leko;West+Brom;18;RW;1;1,50;169;4,50;0,2;12;1;England;0;1;19;0;0;8;;;0;0;;;;;;;;;;;
Adrian;West+Ham;30;GK;4;8,00;266;4,50;0,8;64;2;Spain;0;4;20;0;0;8;;;0;;;;0;;;;;;;;
Tom Davies;Everton;19;CM;2;8,00;1354;5,50;1;63;1;England;0;1;7;0;0;7,875;;;0;;0;;;;;;;;;;
Joe Allen;Stoke+City;27;CM;2;15,00;523;5,50;6;118;2;Wales;0;3;15;0;1;7,86666666666667;;;0;;0;;;;;;;;;;
Salomon Rondon;West+Brom;27;CF;1;15,00;502;6,50;2;118;3;Venezuela;0;3;19;0;0;7,86666666666667;;;0;0;;;;;;;;;;;
Seamus Coleman;Everton;28;RB;3;17,00;843;6,50;0,4;133;2;Ireland;0;4;7;0;0;7,82352941176471;;;0;;;0;;;;;;;;;
Marko ArnautoviÄ‡;Stoke+City;28;LW;1;15,00;579;7,00;0,7;117;1;England;0;4;15;0;0;7,8;;;0;0;;;;;;;;;;;
Craig Cathcart;Watford;28;CB;3;4,00;128;4,50;0;31;2;Northern Ireland;0;4;18;0;0;7,75;;;0;;;0;;;;;;;;;
Danny Drinkwater;Leicester+City;27;CM;2;9,00;714;5,00;0,2;69;1;England;0;3;9;0;0;7,66666666666667;;;0;;0;;;;;;;;;;
Ben Chilwell;Leicester+City;20;LB;3;2,50;288;4,50;0,8;19;1;England;0;1;9;0;0;7,6;;;0;;;0;;;;;;;;;
Edimilson Fernandes;West+Ham;21;CM;2;5,00;288;4,50;0,4;38;2;Switzerland;0;1;20;0;1;7,6;;;0;;0;;;;;;;;;;
Ben Davies;Tottenham;24;LB;3;12,00;396;5,50;1,8;90;2;Wales;0;2;17;1;0;7,5;;;0;;;0;;;;;;;;;
Harry Winks;Tottenham;21;CM;2;4,00;806;5,00;0;30;1;England;0;1;17;1;0;7,5;;;0;;0;;;;;;;;;;
Nacer Chadli;West+Brom;27;LW;1;15,00;570;6,00;2,4;110;2;Belgium;0;3;19;0;1;7,33333333333333;;;0;0;;;;;;;;;;;
Michail Antonio;West+Ham;27;RW;1;18,00;1142;7,50;0,5;132;1;England;0;3;20;0;0;7,33333333333333;;;0;0;;;;;;;;;;;
Jay Rodriguez;West+Brom;27;CF;1;10,00;472;6,00;2,9;73;1;England;0;3;19;0;0;7,3;;;0;0;;;;;;;;;;;
Mame Biram Diouf;Stoke+City;29;CF;1;7,00;310;5,50;0,4;51;4;Senegal;0;4;15;0;0;7,28571428571429;;;0;0;;;;;;;;;;;
Gylfi Sigurdsson;Swansea;27;AM;1;25,00;861;8,50;8,7;181;2;Iceland;0;3;16;0;0;7,24;;;0;0;;;;;;;;;;;
Ramadan Sobhi;Stoke+City;20;LW;1;5,00;461;5,00;1,1;36;4;Egypt;0;1;15;0;1;7,2;;;0;0;;;;;;;;;;;
Stefano Okaka;Watford;27;CF;1;6,00;708;5,50;0,2;43;2;Italy;0;3;18;0;1;7,16666666666667;;;0;0;;;;;;;;;;;
Daryl Janmaat;Watford;27;RB;3;7,00;242;5,00;0,3;50;2;Netherlands;0;3;18;0;1;7,14285714285714;;;0;;;0;;;;;;;;;
Marcos Alonso Mendoza;Chelsea;26;LB;3;25,00;3069;7,00;12,4;177;2;Spain;0;3;5;1;1;7,08;;;0;;;0;;;;;;;;;
Federico Fernandez;Swansea;28;CB;3;9,00;116;4,50;0,4;63;3;Argentina;0;4;16;0;0;7;;;0;;;0;;;;;;;;;
Isaac Success;Watford;21;LW;1;4,00;474;5,50;0,1;28;4;Nigeria;0;1;18;0;1;7;;;0;0;;;;;;;;;;;
Emre Can;Liverpool;23;DM;2;15,00;1253;5,00;6,6;104;2;Germany;0;2;10;1;0;6,93333333333333;;;0;;0;;;;;;;;;;
Andy Carroll;West+Ham;28;CF;1;10,00;1212;6,00;0,4;69;1;England;0;4;20;0;0;6,9;;;0;0;;;;;;;;;;;
Nathan Ake;Bournemouth;22;CB;3;8,00;1274;5,00;11,5;55;2;Netherlands;0;2;2;0;0;6,875;;;0;;;0;;;;;;;;;
Tom Cleverley;Watford;27;CM;2;8,00;703;5,00;0,2;55;1;England;0;3;18;0;0;6,875;;;0;;0;;;;;;;;;;
Jordan Pickford;Everton;23;GK;4;15,00;719;5,00;14,6;102;1;England;0;2;7;0;0;6,8;;;0;;;;0;;;;;;;;
Cedric Soares;Southampton;25;RB;3;15,00;338;5,00;16,4;102;2;Portugal;0;3;14;0;0;6,8;;;0;;;0;;;;;;;;;
Lucas Leiva;Liverpool;30;DM;2;7,00;998;4,50;0,3;47;3;Brazil;0;4;10;1;0;6,71428571428571;;;0;;0;;;;;;;;;;
Cheikhou Kouyate;West+Ham;27;DM;2;12,00;284;5,00;0,1;79;4;Senegal;0;3;20;0;0;6,58333333333333;;;0;;0;;;;;;;;;;
Demarai Gray;Leicester+City;21;LW;1;9,00;593;5,50;1,1;58;1;England;0;1;9;0;0;6,44444444444444;;;0;0;;;;;;;;;;;
Sam Byram;West+Ham;23;RB;3;4,50;198;4,50;0,3;29;1;England;0;2;20;0;0;6,44444444444444;;;0;;;0;;;;;;;;;
Pablo Zabaleta;West+Ham;32;RB;3;7,00;698;5,00;2,7;45;3;Argentina;0;5;20;0;0;6,42857142857143;;;0;;;0;;;;;;;;;
Kabasele;Watford;26;CB;3;5,50;177;4,50;0,2;35;2;Belgium;0;3;18;0;1;6,36363636363636;;;0;;;0;;;;;;;;;
DuÅ¡an TadiÄ‡;Southampton;28;LW;1;17,00;458;6,50;4,9;108;2;Portugal;0;4;14;0;0;6,35294117647059;;;0;0;;;;;;;;;;;
Shane Long;Southampton;30;CF;1;9,00;703;6,00;0,3;57;2;Ireland;0;4;14;0;0;6,33333333333333;;;0;0;;;;;;;;;;;
Abdoulaye Doucoure;Watford;24;CM;2;6,00;124;5,00;0;38;2;France;0;2;18;0;0;6,33333333333333;;;0;;0;;;;;;;;;;
Callum Wilson;Bournemouth;25;CF;1;10,00;337;6,00;0,2;63;1;England;0;3;2;0;0;6,3;;;0;0;;;;;;;;;;;
Michael Keane;Everton;24;CB;3;18,00;1362;5,50;13,1;113;1;England;0;2;7;0;0;6,27777777777778;;;0;;;0;;;;;;;;;
Dejan Lovren;Liverpool;28;CB;3;17,00;708;5,50;1,3;106;2;Croatia;0;4;10;1;0;6,23529411764706;;;0;;;0;;;;;;;;;
Ryan Bertrand;Southampton;27;LB;3;20,00;578;5,50;11,2;123;1;England;0;3;14;0;0;6,15;;;0;;;0;;;;;;;;;
Nathaniel Clyne;Liverpool;26;RB;3;21,00;602;5,50;4,5;129;1;England;0;3;10;1;0;6,14285714285714;;;0;;;0;;;;;;;;;
James Ward-Prowse;Southampton;22;CM;2;15,00;416;5,50;2,2;92;1;England;0;2;14;0;0;6,13333333333333;;;0;;0;;;;;;;;;;
Pedro Obiang;West+Ham;25;CM;2;9,00;286;4,50;0,3;55;2;Spain;0;3;20;0;0;6,11111111111111;;;0;;0;;;;;;;;;;
Theo Walcott;Arsenal;28;RW;1;20,00;2393;7,50;1,5;122;1;England;0;4;1;1;0;6,1;;;0;0;;;;;;;;;;;
Yohan Cabaye;Crystal+Palace;31;CM;2;15,00;456;5,50;1,4;91;2;France;0;4;6;0;0;6,06666666666667;;;0;;0;;;;;;;;;;
Kevin Long;Burnley;26;CB;3;0,50;68;4,00;1,7;3;2;Ireland;0;3;4;0;0;6;;;0;;;0;;;;;;;;;
Bojan KrkiÄ‡;Stoke+City;26;SS;1;5,00;1325;5,50;0,2;30;2;Spain;0;3;15;0;0;6;;;0;0;;;;;;;;;;;
Hugo Lloris;Tottenham;30;GK;4;24,00;847;5,50;12,6;143;2;France;0;4;17;1;0;5,95833333333333;;;0;;;;0;;;;;;;;
Jeffrey Schlupp;Crystal+Palace;24;LB;3;8,00;385;5,00;0,3;47;4;Ghana;0;2;6;0;0;5,875;;;0;;;0;;;;;;;;;
Ki Sung-yueng;Swansea;28;DM;2;7,00;478;5,00;0;41;4;South Korea;0;4;16;0;0;5,85714285714286;;;0;;0;;;;;;;;;;
Victor Moses;Chelsea;26;RM;2;18,00;2537;6,50;0,2;105;4;Nigeria;0;3;5;1;0;5,83333333333333;;;0;;0;;;;;;;;;;
Matteo Darmian;Manchester+United;27;RB;3;12,00;1640;5,50;0,3;70;2;Italy;0;3;12;1;0;5,83333333333333;;;0;;;0;;;;;;;;;
Son Heung-min;Tottenham;25;LW;1;30,00;2185;8,00;1,6;174;4;South Korea;0;3;17;1;0;5,8;;;0;0;;;;;;;;;;;
Pedro;Chelsea;29;RW;1;28,00;1500;8,00;7,8;162;2;Spain;0;4;5;1;0;5,78571428571429;;;0;0;;;;;;;;;;;
Ross Barkley;Everton;23;AM;1;25,00;1413;7,50;0,7;144;1;England;0;2;7;0;0;5,76;;;0;0;;;;;;;;;;;
Ramiro Funes Mori;Everton;26;CB;3;12,00;460;5,00;0,1;69;3;Argentina;0;3;7;0;0;5,75;;;0;;;0;;;;;;;;;
Cesar Azpilicueta;Chelsea;27;RB;3;30,00;869;6,50;12,3;170;2;Spain;0;3;5;1;0;5,66666666666667;;;0;;;0;;;;;;;;;
Adam Lallana;Liverpool;29;AM;1;25,00;1808;7,50;6,4;139;1;England;0;4;10;1;0;5,56;;;0;0;;;;;;;;;;;
Laurent Koscielny;Arsenal;31;CB;3;22,00;912;6,00;0,7;121;2;France;0;4;1;1;0;5,5;;;0;;;0;;;;;;;;;
Christian Eriksen;Tottenham;25;AM;1;40,00;1130;9,50;12;218;2;Denmark;0;3;17;1;0;5,45;;;0;0;;;;;;;;;;;
Xherdan Shaqiri;Stoke+City;25;RW;1;15,00;1000;6,00;3,2;80;2;Switzerland;0;3;15;0;0;5,33333333333333;;;0;0;;;;;;;;;;;
Georginio Wijnaldum;Liverpool;26;CM;2;28,00;1280;7,00;7,1;149;2;Netherlands;0;3;10;1;1;5,32142857142857;;;1;;1;;;;;;;;;Georginio Wijnaldum;MID
Olivier Giroud;Arsenal;30;CF;1;22,00;2230;8,50;2,5;116;2;France;0;4;1;1;0;5,27272727272727;;;0;0;;;;;;;;;;;
Ashley Young;Manchester+United;32;LM;2;5,00;936;5,00;0;26;1;England;0;5;12;1;0;5,2;;;0;;0;;;;;;;;;;
Jordan Ayew;Swansea;25;CF;1;7,50;676;5,00;2;39;4;Ghana;0;3;16;0;0;5,2;;;0;0;;;;;;;;;;;
Kieran Trippier;Tottenham;26;RB;3;10,00;525;5,50;17,3;51;1;England;0;3;17;1;0;5,1;;;0;;;0;;;;;;;;;
Wayne Rooney;Everton;31;SS;1;15,00;7664;7,50;20,9;76;1;England;0;4;7;0;0;5,06666666666667;;;0;0;;;;;;;;;;;
Jesse Lingard;Manchester+United;24;LW;1;12,00;1939;6,00;0,7;60;1;England;0;2;12;1;0;5;;;0;0;;;;;;;;;;;
Ibrahim Afellay;Stoke+City;31;LM;2;3,00;461;5,00;0;15;2;Netherlands;0;4;15;0;0;5;;;0;;0;;;;;;;;;;
Luciano Narsingh;Swansea;26;RW;1;5,00;448;5,00;0,1;25;2;Netherlands;0;3;16;0;0;5;;;0;0;;;;;;;;;;;
Dele Alli;Tottenham;21;CM;2;45,00;4626;9,50;38,6;225;1;England;0;1;17;1;0;5;;;0;;0;;;;;;;;;;
Aaron Cresswell;West+Ham;27;LB;3;12,00;380;5,00;1,3;60;1;England;0;3;20;0;0;5;;;0;;;0;;;;;;;;;
Angelo Ogbonna;West+Ham;29;CB;3;9,00;247;4,50;1,1;45;2;Italy;0;4;20;0;0;5;;;0;;;0;;;;;;;;;
Andre Ayew;West+Ham;27;LW;1;18,00;845;7,00;3,4;89;4;Ghana;0;3;20;0;1;4,94444444444444;;;0;0;;;;;;;;;;;
Christian Benteke;Crystal+Palace;26;CF;1;28,00;1661;8,00;10,5;136;2;Belgium;0;3;6;0;1;4,85714285714286;;;0;0;;;;;;;;;;;
Dominic Calvert-Lewin;Everton;20;SS;1;3,50;343;5,00;0,3;17;1;England;0;1;7;0;1;4,85714285714286;;;0;0;;;;;;;;;;;
Arthur Masuaku;West+Ham;23;LB;3;7,00;199;4,50;0,2;34;4;Congo DR;0;2;20;0;1;4,85714285714286;;;0;;;0;;;;;;;;;
Charlie Austin;Southampton;28;CF;1;13,00;874;6,50;2,1;62;1;England;0;4;14;0;0;4,76923076923077;;;0;0;;;;;;;;;;;
Pierre-Emile Hojbjerg;Southampton;21;CM;2;8,00;368;4,50;0,4;38;2;Denmark;0;1;14;0;1;4,75;;;0;;0;;;;;;;;;;
Roberto Firmino;Liverpool;25;SS;1;38,00;2196;8,50;20,3;180;3;Brazil;0;3;10;1;0;4,73684210526316;;;0;0;;;;;;;;;;;
Kyle Walker;Manchester+City;27;RB;3;30,00;1008;6,50;18,5;142;1;England;0;3;11;1;0;4,73333333333333;;;0;;;0;;;;;;;;;
Sofiane Feghouli;West+Ham;27;RW;1;12,00;394;5,50;0,2;55;4;Algeria;0;3;20;0;1;4,58333333333333;;;0;0;;;;;;;;;;;
Rob Holding;Arsenal;21;CB;3;7,00;666;5,00;1,7;32;1;England;0;1;1;1;1;4,57142857142857;;;0;;;0;;;;;;;;;
Kieran Gibbs;Arsenal;27;LB;3;10,00;489;5,00;0,5;45;1;England;0;3;1;1;0;4,5;;;0;;;0;;;;;;;;;
Jordon Ibe;Bournemouth;21;RW;1;8,00;504;5,00;0,4;36;1;England;0;1;2;0;0;4,5;;;0;0;;;;;;;;;;;
Jan Vertonghen;Tottenham;30;CB;3;28,00;511;6,00;9;126;2;Belgium;0;4;17;1;0;4,5;;;0;;;0;;;;;;;;;
Daley Blind;Manchester+United;27;LB;3;22,00;867;5,50;1,2;98;2;Netherlands;0;3;12;1;0;4,45454545454545;;;0;;;0;;;;;;;;;
Idrissa Gueye;Everton;27;CM;2;18,00;705;5,00;1,3;80;4;Senegal;0;3;7;0;1;4,44444444444444;;;0;;0;;;;;;;;;;
Romelu Lukaku;Manchester+United;24;CF;1;50,00;3727;11,50;45;221;2;Belgium;0;2;12;1;0;4,42;;;0;0;;;;;;;;;;;
David Luiz;Chelsea;30;CB;3;30,00;2745;6,00;20,3;132;3;Brazil;0;4;5;1;0;4,4;;;0;;;0;;;;;;;;;
Aaron Lennon;Everton;30;RW;1;5,00;504;5,50;0,2;22;1;England;0;4;7;0;0;4,4;;;0;0;;;;;;;;;;;
David Silva;Manchester+City;31;AM;1;30,00;1434;8,00;3,3;130;2;Spain;0;4;11;1;0;4,33333333333333;;;0;0;;;;;;;;;;;
Fernandinho;Manchester+City;32;DM;2;18,00;595;5,00;0,8;78;3;Brazil;0;5;11;1;0;4,33333333333333;;;0;;0;;;;;;;;;;
Marcos Rojo;Manchester+United;27;CB;3;18,00;1063;5,50;0,1;77;3;Argentina;0;3;12;1;0;4,27777777777778;;;0;;;0;;;;;;;;;
Michel Vorm;Tottenham;33;GK;4;4,00;252;5,00;0,1;17;2;Netherlands;0;5;17;1;0;4,25;;;0;;;;0;;;;;;;;
Vincent Janssen;Tottenham;23;CF;1;13,00;1135;7,50;0,1;55;2;Netherlands;0;2;17;1;1;4,23076923076923;;;0;0;;;;;;;;;;;
Marcus Rashford;Manchester+United;19;CF;1;18,00;3668;7,50;4,8;76;1;England;0;1;12;1;0;4,22222222222222;;;0;0;;;;;;;;;;;
Mousa Dembele;Tottenham;30;CM;2;18,00;1161;5,00;1,8;76;2;Belgium;0;4;17;1;0;4,22222222222222;;;0;;0;;;;;;;;;;
Wilfred Ndidi;Leicester+City;20;DM;2;14,00;821;5,00;0,5;59;4;Nigeria;0;1;9;0;1;4,21428571428571;;;0;;0;;;;;;;;;;
Luka Milivojevic;Crystal+Palace;26;DM;2;10,00;407;5,00;0,2;42;2;Serbia;0;3;6;0;0;4,2;;;0;;0;;;;;;;;;;
Victor Wanyama;Tottenham;26;DM;2;25,00;1002;5,00;3,1;103;4;Kenya;0;3;17;1;1;4,12;;;0;;0;;;;;;;;;;
Alexis Sanchez;Arsenal;28;LW;1;65,00;4329;12,00;17,1;264;3;Chile;0;4;1;1;0;4,06153846153846;;;0;0;;;;;;;;;;;
Jonjoe Kenny;Everton;20;RB;3;0,25;53;4,50;0,2;1;1;England;0;1;7;0;0;4;;;0;;;0;;;;;;;;;
Riyad Mahrez;Leicester+City;26;RW;1;30,00;1753;8,50;1,7;120;4;Algeria;0;3;9;0;0;4;;;0;0;;;;;;;;;;;
Leonardo Ulloa;Leicester+City;30;CF;1;6,00;472;5,00;0,2;24;2;Argentina;0;4;9;0;0;4;;;0;0;;;;;;;;;;;
Loris Karius;Liverpool;24;GK;4;8,00;1255;5,00;0,2;32;2;Germany;0;2;10;1;0;4;;;0;;;;0;;;;;;;;
Marouane Fellaini;Manchester+United;29;CM;2;12,00;1498;5,00;0,2;48;2;Belgium;0;4;12;1;0;4;;;0;;0;;;;;;;;;;
Matt Targett;Southampton;21;LB;3;3,00;110;4,50;0,2;12;1;England;0;1;14;0;0;4;;;0;;;0;;;;;;;;;
Jefferson Montero;Swansea;27;LW;1;4,50;187;5,00;0,1;18;3;Ecuador;0;3;16;0;0;4;;;0;0;;;;;;;;;;;
Mauro Zarate;Watford;30;SS;1;2,00;473;5,50;0;8;3;Argentina;0;4;18;0;0;4;;;0;0;;;;;;;;;;;
Hector Bellerin;Arsenal;22;RB;3;30,00;1675;6,00;13,7;119;2;Spain;0;2;1;1;0;3,96666666666667;;;0;;;0;;;;;;;;;
Phil Jones;Manchester+United;25;CB;3;14,00;808;5,00;0,4;55;1;England;0;3;12;1;0;3,92857142857143;;;0;;;0;;;;;;;;;
Diego Costa;Chelsea;28;CF;1;50,00;4454;10,00;3;196;2;Spain;0;4;5;1;0;3,92;;;0;0;;;;;;;;;;;
Robbie Brady;Burnley;25;LM;2;10,00;614;5,50;0,4;39;2;Ireland;0;3;4;0;0;3,9;;;0;;0;;;;;;;;;;
Sadio Mane;Liverpool;25;LW;1;40,00;3219;9,50;5,3;156;4;Senegal;0;3;10;1;1;3,9;;;0;0;;;;;;;;;;;
Joel Matip;Liverpool;25;CB;3;25,00;1313;5,50;2,3;97;2;Cameroon;0;3;10;1;1;3,88;;;0;;;0;;;;;;;;;
Sergio Romero;Manchester+United;30;GK;4;6,00;849;5,00;0,2;23;3;Argentina;0;4;12;1;0;3,83333333333333;;;0;;;;0;;;;;;;;
Philippe Coutinho;Liverpool;25;AM;1;45,00;2958;9,00;30,8;171;3;Brazil;0;3;10;1;0;3,8;;;0;0;;;;;;;;;;;
Jordy Clasie;Southampton;26;DM;2;10,00;201;4,50;0,4;38;2;Netherlands;0;3;14;0;0;3,8;;;0;;0;;;;;;;;;;
Alex Oxlade-Chamberlain;Arsenal;23;RM;2;22,00;1519;6,00;1,8;83;1;England;0;2;1;1;0;3,77272727272727;;;0;;0;;;;;;;;;;
Harry Kane;Tottenham;23;CF;1;60,00;4161;12,50;35,1;224;1;England;0;2;17;1;0;3,73333333333333;;;0;0;;;;;;;;;;;
Eric Dier;Tottenham;23;DM;2;25,00;1239;5,00;3,5;93;1;England;0;2;17;1;0;3,72;;;0;;0;;;;;;;;;;
Timothy Fosu-Mensah;Manchester+United;19;DM;2;2,50;860;4,50;0,2;9;2;Netherlands;0;1;12;1;0;3,6;;;0;;0;;;;;;;;;;
Willian;Chelsea;28;RW;1;32,00;1165;7,00;9;114;3;Brazil;0;4;5;1;0;3,5625;;;0;0;;;;;;;;;;;
Thibaut Courtois;Chelsea;25;GK;4;40,00;1260;5,50;18,5;141;2;Belgium;0;3;5;1;0;3,525;;;0;;;;0;;;;;;;;
Lys Mousset;Bournemouth;21;CF;1;4,00;131;5,00;0,1;14;2;France;0;1;2;0;0;3,5;;;0;0;;;;;;;;;;;
Eric Bailly;Manchester+United;23;CB;3;30,00;1588;6,00;10,2;105;4;Cote d'Ivoire;0;2;12;1;1;3,5;;;0;;;0;;;;;;;;;
Francis Coquelin;Arsenal;26;DM;2;15,00;549;4,50;1,7;52;2;France;0;3;1;1;0;3,46666666666667;;;0;;0;;;;;;;;;;
Kelechi Iheanacho;Manchester+City;20;CF;1;15,00;1662;7,00;1,5;52;4;Nigeria;0;1;11;1;0;3,46666666666667;;;0;0;;;;;;;;;;;
Gabriel Paulista;Arsenal;26;CB;3;13,00;552;5,00;0,1;45;3;Brazil;0;3;1;1;0;3,46153846153846;;;0;;;0;;;;;;;;;
Cesc Fabregas;Chelsea;30;CM;2;35,00;2378;7,00;7,5;121;2;Spain;0;4;5;1;0;3,45714285714286;;;0;;0;;;;;;;;;;
Nathan Dyer;Swansea;29;RW;1;3,50;313;4,50;0,1;12;1;England;0;4;16;0;0;3,42857142857143;;;0;0;;;;;;;;;;;
Toby Alderweireld;Tottenham;28;CB;3;35,00;756;6,00;13,3;120;2;Belgium;0;4;17;1;0;3,42857142857143;;;0;;;0;;;;;;;;;
David de Gea;Manchester+United;26;GK;4;40,00;2126;5,50;26,1;136;2;Spain;0;3;12;1;0;3,4;;;0;;;;0;;;;;;;;
Juan Mata;Manchester+United;29;AM;1;30,00;2280;7,00;3,5;102;2;Spain;0;4;12;1;0;3,4;;;0;0;;;;;;;;;;;
Jack Wilshere;Arsenal;25;CM;2;18,00;1759;5,50;0;61;1;England;0;3;1;1;0;3,38888888888889;;;0;;0;;;;;;;;;;
Mesut Ozil;Arsenal;28;AM;1;50,00;4395;9,50;5,6;167;2;Germany;0;4;1;1;0;3,34;;;0;0;;;;;;;;;;;
Ben Woodburn;Liverpool;17;LW;1;1,50;1241;4,50;0,1;5;1;Wales;0;1;10;1;0;3,33333333333333;;;0;0;;;;;;;;;;;
Nicolas Otamendi;Manchester+City;29;CB;3;30,00;621;5,50;3,3;100;3;Argentina;0;4;11;1;0;3,33333333333333;;;0;;;0;;;;;;;;;
Islam Slimani;Leicester+City;29;CF;1;25,00;1581;7,00;0,7;83;4;Algeria;0;4;9;0;1;3,32;;;0;0;;;;;;;;;;;
Raheem Sterling;Manchester+City;22;LW;1;45,00;2074;8,00;3,8;149;1;England;0;2;11;1;0;3,31111111111111;;;0;0;;;;;;;;;;;
Ashley Westwood;Burnley;27;DM;2;4,00;161;4,50;0,1;13;1;England;0;3;4;0;0;3,25;;;0;;0;;;;;;;;;;
Ander Herrera;Manchester+United;27;CM;2;30,00;1603;5,50;7,7;97;2;Spain;0;3;12;1;0;3,23333333333333;;;0;;0;;;;;;;;;;
Ademola Lookman;Everton;19;LW;1;5,00;1387;5,50;0,3;16;1;England;0;1;7;0;0;3,2;;;0;0;;;;;;;;;;;
Santi Cazorla;Arsenal;32;CM;2;12,00;943;7,00;0,1;38;2;Spain;0;5;1;1;0;3,16666666666667;;;0;;0;;;;;;;;;;
Anthony Martial;Manchester+United;21;CF;1;30,00;2430;8,00;0,6;95;2;France;0;1;12;1;0;3,16666666666667;;;0;0;;;;;;;;;;;
Kevin De Bruyne;Manchester+City;26;AM;1;65,00;2252;10,00;17,5;199;2;Belgium;0;3;11;1;0;3,06153846153846;;;0;0;;;;;;;;;;;
Shkodran Mustafi;Arsenal;25;CB;3;30,00;1877;5,50;4;90;2;Germany;0;3;1;1;1;3;;;0;;;0;;;;;;;;;
Nemanja Matic;Chelsea;28;DM;2;35,00;892;5,00;5;105;2;Serbia;0;4;5;1;0;3;;;0;;0;;;;;;;;;;
Connor Wickham;Crystal+Palace;24;CF;1;6,00;248;5,50;0;18;1;England;0;2;6;0;0;3;;;0;0;;;;;;;;;;;
Leroy Sane;Manchester+City;21;LW;1;35,00;2302;8,50;8,8;105;2;Germany;0;1;11;1;1;3;;;0;0;;;;;;;;;;;
Danny Rose;Tottenham;27;LB;3;28,00;848;6,50;0,6;84;1;England;0;3;17;1;0;3;;;0;;;0;;;;;;;;;
Eden Hazard;Chelsea;26;LW;1;75,00;4220;10,50;2,3;224;2;Belgium;0;3;5;1;0;2,98666666666667;;;0;0;;;;;;;;;;;
Chris Smalling;Manchester+United;27;CB;3;18,00;834;5,50;1,3;52;1;England;0;3;12;1;0;2,88888888888889;;;0;;;0;;;;;;;;;
Roberto Pereyra;Watford;26;AM;1;15,00;398;6,00;0,1;43;3;Argentina;0;3;18;0;1;2,86666666666667;;;0;0;;;;;;;;;;;
Lewis Cook;Bournemouth;20;CM;2;6,00;243;4,50;0,8;17;1;England;0;1;2;0;0;2,83333333333333;;;0;;0;;;;;;;;;;
Daniel Sturridge;Liverpool;27;CF;1;20,00;2042;8,00;4,3;54;1;England;0;3;10;1;0;2,7;;;0;0;;;;;;;;;;;
Sergio Aguero;Manchester+City;29;CF;1;65,00;4046;11,50;9,7;175;3;Argentina;0;4;11;1;0;2,69230769230769;;;0;0;;;;;;;;;;;
Sofiane Boufal;Southampton;23;AM;1;15,00;590;6,00;0,3;40;4;Morocco;0;2;14;0;1;2,66666666666667;;;0;0;;;;;;;;;;;
Jordan Henderson;Liverpool;27;CM;2;28,00;1236;5,50;1,8;73;1;England;0;3;10;1;0;2,60714285714286;;;0;;0;;;;;;;;;;
Mohamed Elneny;Arsenal;25;DM;2;10,00;683;4,50;0,8;26;4;Egypt;0;3;1;1;0;2,6;;;0;;0;;;;;;;;;;
Vincent Kompany;Manchester+City;31;CB;3;22,00;935;6,00;6,6;57;2;Belgium;0;4;11;1;0;2,59090909090909;;;0;;;0;;;;;;;;;
Manolo Gabbiadini;Southampton;25;CF;1;15,00;2012;7,00;5,2;38;2;Italy;0;3;14;0;0;2,53333333333333;;;0;0;;;;;;;;;;;
Virgil van Dijk;Southampton;26;CB;3;30,00;1102;5,50;4;75;2;Netherlands;0;3;14;0;0;2,5;;;0;;;0;;;;;;;;;
Danny Welbeck;Arsenal;26;CF;1;15,00;1521;7,50;0,5;37;1;England;0;3;1;1;0;2,46666666666667;;;0;0;;;;;;;;;;;
Granit Xhaka;Arsenal;24;DM;2;35,00;1815;5,50;2;85;2;Switzerland;0;2;1;1;0;2,42857142857143;;;0;;0;;;;;;;;;;
Nathaniel Chalobah;Watford;22;DM;2;5,00;977;4,50;2,3;12;1;England;0;2;18;0;0;2,4;;;0;;0;;;;;;;;;;
Mamadou Sakho;Liverpool;27;CB;3;15,00;934;5,00;0,1;35;2;France;0;3;10;1;0;2,33333333333333;;;0;;;0;;;;;;;;;
Ahmed Musa;Leicester+City;24;CF;1;17,00;742;6,50;1,5;39;4;Nigeria;0;2;9;0;1;2,29411764705882;;;0;0;;;;;;;;;;;
Yannick Bolasie;Everton;28;LW;1;20,00;896;6,50;0,2;45;4;Congo DR;0;4;7;0;1;2,25;;;0;0;;;;;;;;;;;
Luke Shaw;Manchester+United;22;LB;3;20,00;947;5,00;0,4;45;1;England;0;2;12;1;0;2,25;;;0;;;0;;;;;;;;;
Gabriel Jesus;Manchester+City;20;CF;1;30,00;4254;10,50;15,2;67;3;Brazil;0;1;11;1;1;2,23333333333333;;;0;0;;;;;;;;;;;
Moussa Sissokho;Tottenham;27;CM;2;20,00;1162;5,50;0,3;43;2;France;0;3;17;1;1;2,15;;;0;;0;;;;;;;;;;
Henrikh Mkhitaryan;Manchester+United;28;AM;1;35,00;3312;8,00;4,5;73;4;Armenia;0;4;12;1;1;2,08571428571429;;;0;0;;;;;;;;;;;
Brad Smith;Bournemouth;23;LB;3;2,00;297;4,00;3,3;4;4;Australia;0;2;2;0;0;2;;;0;;;0;;;;;;;;;
Giannelli Imbula;Stoke+City;24;DM;2;12,00;238;4,50;0,2;24;2;France;0;2;15;0;0;2;;;0;;0;;;;;;;;;;
Kristoffer Nordfeldt;Swansea;28;GK;4;1,50;82;4,00;1,7;3;2;Sweden;0;4;16;0;0;2;;;0;;;;0;;;;;;;;
Michy Batshuayi;Chelsea;23;CF;1;25,00;1162;8,50;1,6;48;2;Belgium;0;2;5;1;1;1,92;;;0;0;;;;;;;;;;;
Saido Berahino;Stoke+City;23;CF;1;15,00;841;6,00;0,8;26;1;England;0;2;15;0;0;1,73333333333333;;;0;0;;;;;;;;;;;
John Stones;Manchester+City;23;CB;3;35,00;1078;5,50;2,3;59;1;England;0;2;11;1;1;1,68571428571429;;;0;;;0;;;;;;;;;
Morgan Schneiderlin;Everton;27;DM;2;22,00;1272;5,00;0,9;37;2;France;0;3;7;0;1;1,68181818181818;;;0;;0;;;;;;;;;;
N27Golo Kante;Chelsea;26;DM;2;50,00;4042;5,00;13,8;83;2;France;0;3;5;1;1;1,66;;;0;;0;;;;;;;;;;
Fabian Delph;Manchester+City;27;CM;2;8,00;520;4,50;0,4;13;1;England;0;3;11;1;0;1,625;;;0;;0;;;;;;;;;;
Aaron Ramsey;Arsenal;26;CM;2;35,00;1040;7,00;5,1;56;1;Wales;0;3;1;1;0;1,6;;;0;;0;;;;;;;;;;
James McCarthy;Everton;26;CM;2;15,00;306;5,00;0,1;23;2;Ireland;0;3;7;0;0;1,53333333333333;;;0;;0;;;;;;;;;;
Paul Pogba;Manchester+United;24;CM;2;75,00;7435;8,00;19,5;115;2;France;0;2;12;1;1;1,53333333333333;;;0;;0;;;;;;;;;;
Jeremy Pied;Southampton;28;RM;2;3,50;136;4,50;0,1;5;2;France;0;4;14;0;1;1,42857142857143;;;0;;0;;;;;;;;;;
Ilkay Gundogan;Manchester+City;26;CM;2;30,00;1586;5,50;1;41;2;Germany;0;3;11;1;1;1,36666666666667;;;0;;0;;;;;;;;;;
Lucas Perez;Arsenal;28;CF;1;15,00;2055;7,50;0,1;20;2;Spain;0;4;1;1;1;1,33333333333333;;;0;0;;;;;;;;;;;
Jack Butland;Stoke+City;24;GK;4;15,00;402;5,00;2,8;20;1;England;0;2;15;0;0;1,33333333333333;;;0;;;;0;;;;;;;;
Ruben Loftus-Cheek;Crystal+Palace;21;CM;2;5,00;685;4,50;16,4;6;1;England;0;1;6;0;0;1,2;;;0;;0;;;;;;;;;;
Diafra Sakho;West+Ham;27;CF;1;10,00;214;5,50;0,1;12;4;Senegal;0;3;20;0;0;1,2;;;0;0;;;;;;;;;;;
Bakary Sako;Crystal+Palace;29;LW;1;6,00;226;5,00;0,1;7;4;Mali;0;4;6;0;0;1,16666666666667;;;0;0;;;;;;;;;;;
Max Gradel;Bournemouth;29;LW;1;7,00;287;5,00;0,1;8;4;Cote d'Ivoire;0;4;2;0;0;1,14285714285714;;;0;0;;;;;;;;;;;
Georges-Kevin N27Koudou;Tottenham;22;LW;1;7,00;510;5,50;0,1;8;2;France;0;2;17;1;1;1,14285714285714;;;0;0;;;;;;;;;;;
Erik Lamela;Tottenham;25;RW;1;25,00;672;6,50;0,1;28;3;Argentina;0;3;17;1;0;1,12;;;0;0;;;;;;;;;;;
Kurt Zouma;Chelsea;22;CB;3;15,00;723;5,50;0,8;15;2;France;0;2;5;1;0;1;;;0;;;0;;;;;;;;;
Pape Souare;Crystal+Palace;27;LB;3;6,00;186;4,50;0;6;4;Senegal;0;3;6;0;0;1;;;0;;;0;;;;;;;;;
Fernando;Manchester+City;32;DM;2;18,00;338;4,50;0,4;18;3;Brazil;0;5;11;1;0;1;;;0;;0;;;;;;;;;;
Tyrone Mings;Bournemouth;24;CB;3;5,00;422;4,50;0,4;4;1;England;0;2;2;0;0;0,8;;;0;;;0;;;;;;;;;
Alberto Moreno;Liverpool;25;LB;3;10,00;397;4,50;0,3;8;2;Spain;0;3;10;1;0;0,8;;;0;;;0;;;;;;;;;
Marko Grujic;Liverpool;21;CM;2;5,00;615;4,50;0,2;4;2;Serbia;0;1;10;1;0;0,8;;;0;;0;;;;;;;;;;
Costel Pantilimon;Watford;30;GK;4;3,00;268;4,50;0,2;2;2;Romania;0;4;18;0;0;0,666666666666667;;;0;;;;0;;;;;;;;
Nampalys Mendy;Leicester+City;25;DM;2;10,00;325;4,50;0,1;6;2;France;0;3;9;0;1;0,6;;;0;;0;;;;;;;;;;
Kenedy;Chelsea;21;LB;3;7,00;566;5,00;0,1;3;3;Brazil;0;1;5;1;0;0,428571428571429;;;0;;;0;;;;;;;;;
Carl Jenkinson;Arsenal;25;RB;3;5,00;561;4,50;0,4;2;1;England;0;3;1;1;0;0,4;;;0;;;0;;;;;;;;;
David Ospina;Arsenal;28;GK;4;7,00;544;5,00;0,2;2;3;Colombia;0;4;1;1;0;0,285714285714286;;;0;;;;0;;;;;;;;
Kevin Wimmer;Tottenham;24;CB;3;7,00;355;4,50;0,3;2;2;Austria;0;2;17;1;0;0,285714285714286;;;0;;;0;;;;;;;;;
Asmir Begovic;Bournemouth;30;GK;4;8,00;697;4,50;9,3;2;2;Bosnia;0;4;2;0;0;0,25;;;0;;;;0;;;;;;;;
Per Mertesacker;Arsenal;32;CB;3;6,00;702;5,00;1;1;2;Germany;0;5;1;1;0;0,166666666666667;;;0;;;0;;;;;;;;;
Sead Kolasinac;Arsenal;24;LB;3;15,00;618;6,00;6,9;0;2;Bosnia;1;2;1;1;0;0;;;0;;;0;;;;;;;;;
Alexandre Lacazette;Arsenal;26;CF;1;40,00;1183;10,50;26,5;0;2;France;1;3;1;1;0;0;;;0;0;;;;;;;;;;;
Niki Maenpaa;Brighton+and+Hove;32;GK;4;0,25;103;4,00;2,1;0;2;Finland;0;5;3;0;0;0;;;0;;;;0;;;;;;;;
Mathew Ryan;Brighton+and+Hove;25;GK;4;3,50;344;4,50;1,5;0;4;Australia;0;3;3;0;0;0;;;0;;;;0;;;;;;;;
Lewis Dunk;Brighton+and+Hove;25;CB;3;5,00;140;4,50;4,1;0;1;England;0;3;3;0;0;0;;;0;;;0;;;;;;;;;
Shane Duffy;Brighton+and+Hove;25;CB;3;5,00;243;4,50;0,6;0;2;Ireland;0;3;3;0;0;0;;;0;;;0;;;;;;;;;
Uwe Hunemeier;Brighton+and+Hove;31;CB;3;1,50;88;4,00;8;0;2;Germany;0;4;3;0;0;0;;;0;;;0;;;;;;;;;
Bruno;Brighton+and+Hove;36;RB;1;0,50;215;4,50;0,4;0;3;Argentina;0;6;3;0;0;0;;;0;0;;;;;;;;;;;
Gaetan Bong;Brighton+and+Hove;29;LB;3;1,50;97;4,50;0,2;0;4;Cameroon;0;4;3;0;0;0;;;0;;;0;;;;;;;;;
Liam Rosenior;Brighton+and+Hove;33;RB;3;1,00;132;4,00;3,2;0;1;England;0;5;3;0;0;0;;;0;;;0;;;;;;;;;
Connor Goldson;Brighton+and+Hove;24;CB;3;0,75;52;4,00;0,8;0;1;England;0;2;3;0;0;0;;;0;;;0;;;;;;;;;
Markus Suttner;Brighton+and+Hove;30;LB;3;2,00;23;4,50;0,2;0;2;Austria;0;4;3;0;0;0;;;0;;;0;;;;;;;;;
Anthony Knockaert;Brighton+and+Hove;25;RW;1;8,00;726;6,00;4,8;0;2;France;0;3;3;0;0;0;;;0;0;;;;;;;;;;;
Dale Stephens;Brighton+and+Hove;27;CM;2;5,00;122;4,50;0,9;0;1;England;0;3;3;0;0;0;;;0;;0;;;;;;;;;;
Beram Kayal;Brighton+and+Hove;29;CM;2;1,25;167;4,50;0,3;0;4;Israel;0;4;3;0;0;0;;;0;;0;;;;;;;;;;
Steve Sidwell;Brighton+and+Hove;34;CM;2;1,00;461;4,50;0,6;0;1;England;0;6;3;0;0;0;;;0;;0;;;;;;;;;;
Solly March;Brighton+and+Hove;23;RM;2;0,50;139;5,00;0,2;0;1;England;0;2;3;0;0;0;;;0;;0;;;;;;;;;;
Jiri Skalak;Brighton+and+Hove;25;LW;1;1,50;87;5,00;0,1;0;2;Czech Republic;0;3;3;0;0;0;;;0;0;;;;;;;;;;;
Oliver Norwood;Brighton+and+Hove;26;CM;2;2,50;134;4,50;0,2;0;2;Northern Ireland;0;3;3;0;0;0;;;0;;0;;;;;;;;;;
Jamie Murphy;Brighton+and+Hove;27;LW;1;1,75;114;5,00;0,1;0;2;Scotland;0;3;3;0;0;0;;;0;0;;;;;;;;;;;
Pascal Gross;Brighton+and+Hove;26;CM;2;4,00;22;5,50;0,3;0;2;Germany;0;3;3;0;0;0;;;0;;0;;;;;;;;;;
Glenn Murray;Brighton+and+Hove;33;CF;1;3,50;496;6,00;1,3;0;1;England;0;5;3;0;0;0;;;0;0;;;;;;;;;;;
Tomer Hemed;Brighton+and+Hove;30;CF;1;2,50;253;5,00;0,4;0;4;Israel;0;4;3;0;0;0;;;0;0;;;;;;;;;;;
Sam Baldock;Brighton+and+Hove;28;CF;1;3,00;204;5,00;0,2;0;1;England;0;4;3;0;0;0;;;0;0;;;;;;;;;;;
Matthew Taylor;Burnley;35;LM;2;0,25;255;4,50;0,4;0;1;England;0;6;4;0;0;0;;;0;;0;;;;;;;;;;
Eduardo Carvalho;Chelsea;34;LW;1;0,05;467;5,00;0,1;0;2;Portugal;0;6;5;1;1;0;;;0;0;;;;;;;;;;;
Antonio Rudiger;Chelsea;24;CB;3;25,00;454;6,00;6,4;0;2;Germany;1;2;5;1;0;0;;;0;;;0;;;;;;;;;
Tiemoue Bakayoko;Chelsea;22;DM;2;16,00;1011;5,00;1,6;0;2;France;1;2;5;1;0;0;;;0;;0;;;;;;;;;;
Julian Speroni;Crystal+Palace;38;GK;4;0,25;188;4,00;2;0;3;Argentina;0;6;6;0;0;0;;;0;;;;0;;;;;;;;
Muhamed Besic;Everton;24;DM;2;5,00;238;4,50;0,2;0;2;Germany;0;2;7;0;0;0;;;0;;0;;;;;;;;;;
Davy Klaassen;Everton;24;AM;1;18,00;428;7,50;3,6;0;2;Netherlands;1;2;7;0;0;0;;;0;0;;;;;;;;;;;
Sandro Ramirez;Everton;22;CF;1;10,00;373;7,50;2,1;0;2;Spain;1;2;7;0;0;0;;;0;0;;;;;;;;;;;
Joel Coleman;Huddersfield;21;GK;4;0,25;36;4,00;2,4;0;1;England;0;1;8;0;0;0;;;0;;;;0;;;;;;;;
Jonas Lossl;Huddersfield;28;GK;4;1,50;56;4,50;0,5;0;2;Denmark;0;4;8;0;0;0;;;0;;;;0;;;;;;;;
Christopher Schindler;Huddersfield;27;CB;3;2,00;73;4,50;0,9;0;2;Germany;0;3;8;0;0;0;;;0;;;0;;;;;;;;;
Chris Lowe;Huddersfield;28;LB;3;1,50;84;4,50;0,7;0;2;Germany;0;4;8;0;0;0;;;0;;;0;;;;;;;;;
Tommy Smith;Huddersfield;25;RB;3;2,00;65;5,00;1,1;0;1;England;0;3;8;0;0;0;;;0;;;0;;;;;;;;;
Michael Hefele;Huddersfield;26;CB;3;1,50;116;4,50;0,2;0;2;Germany;0;3;8;0;0;0;;;0;;;0;;;;;;;;;
Martin Cranie;Huddersfield;30;CB;3;0,50;67;4,00;1,4;0;1;England;0;4;8;0;0;0;;;0;;;0;;;;;;;;;
Jon Gorenc Stankovic;Huddersfield;21;CB;3;0,50;83;4,00;1,1;0;2;Slovenia;0;1;8;0;0;0;;;0;;;0;;;;;;;;;
Mark Hudson;Huddersfield;35;CB;3;0,50;70;4,00;1,4;0;1;England;0;6;8;0;0;0;;;0;;;0;;;;;;;;;
Mathias Jorgensen;Huddersfield;27;CB;3;2,50;107;4,50;0,2;0;2;Denmark;0;3;8;0;0;0;;;0;;;0;;;;;;;;;
Scott Malone;Huddersfield;26;LB;3;0,75;81;4,50;0,1;0;1;England;0;3;8;0;0;0;;;0;;;0;;;;;;;;;
Aaron Mooy;Huddersfield;26;CM;2;5,00;588;5,50;2,5;0;4;Australia;0;3;8;0;0;0;;;0;;0;;;;;;;;;;
Rajiv van La Parra;Huddersfield;26;LW;1;2,00;174;5,00;0,3;0;2;Netherlands;0;3;8;0;0;0;;;0;0;;;;;;;;;;;
Jonathan Hogg;Huddersfield;28;CM;2;1,00;75;4,50;0,3;0;1;England;0;4;8;0;0;0;;;0;;0;;;;;;;;;;
Philip Billing;Huddersfield;21;CM;2;0,50;157;4,50;0,1;0;2;Denmark;0;1;8;0;0;0;;;0;;0;;;;;;;;;;
Joe Lolley;Huddersfield;24;RW;1;0,25;63;4,50;0,1;0;1;England;0;2;8;0;0;0;;;0;0;;;;;;;;;;;
Jack Payne;Huddersfield;25;CM;2;0,25;81;4,50;0,1;0;1;England;0;3;8;0;0;0;;;0;;0;;;;;;;;;;
Dean Whitehead;Huddersfield;35;CM;2;0,25;161;4,50;0,1;0;1;England;0;6;8;0;0;0;;;0;;0;;;;;;;;;;
Harry Bunn;Huddersfield;24;LW;1;0,50;85;4,50;0,1;0;1;England;0;2;8;0;0;0;;;0;0;;;;;;;;;;;
Sean Scannell;Huddersfield;26;RW;1;0,50;85;4,50;0,1;0;2;Ireland;0;3;8;0;0;0;;;0;0;;;;;;;;;;;
Elias Kachunga;Huddersfield;25;RW;1;3,50;231;6,00;0,6;0;4;Congo DR;0;3;8;0;0;0;;;0;0;;;;;;;;;;;
Tom Ince;Huddersfield;25;RW;1;7,00;512;6,00;2,6;0;1;England;0;3;8;0;0;0;;;0;0;;;;;;;;;;;
Kasey Palmer;Huddersfield;20;AM;1;0,75;220;5,50;0,2;0;1;England;0;1;8;0;0;0;;;0;0;;;;;;;;;;;
Andy Williams;Huddersfield;26;CB;3;0,65;3;5,00;0,1;0;3;Trinidad and Tobago;0;3;8;0;0;0;;;0;;;0;;;;;;;;;
Nahki Wells;Huddersfield;27;CF;1;5,00;247;5,00;0,6;0;3;Bermuda;0;3;8;0;0;0;;;0;0;;;;;;;;;;;
Collin Quaner;Huddersfield;26;CF;1;1,00;126;4,50;1,6;0;2;Germany;0;3;8;0;0;0;;;0;0;;;;;;;;;;;
Laurent Depoitre;Huddersfield;28;CF;1;3,00;212;5,50;0,3;0;2;Belgium;0;4;8;0;0;0;;;0;0;;;;;;;;;;;
Steve Mounie;Huddersfield;22;CF;1;5,50;56;6,00;0,6;0;NA;Benin;0;2;8;0;0;0;;;0;0;;;;;;;;;;;
Ben Hamer;Leicester+City;29;GK;4;0,50;132;4,50;0,1;0;1;England;0;4;9;0;0;0;;;0;;;;0;;;;;;;;
Molla Wague;Leicester+City;26;CB;3;1,50;171;4,50;0;0;4;Mali;0;3;9;0;0;0;;;0;;;0;;;;;;;;;
Vicente Iborra;Leicester+City;29;DM;2;9,00;253;6,00;0,8;0;2;Spain;1;4;9;0;0;0;;;0;;0;;;;;;;;;;
Joe Gomez;Liverpool;20;CB;3;4,00;460;4,50;0,4;0;1;England;0;1;10;1;0;0;;;0;;;0;;;;;;;;;
Sheyi Ojo;Liverpool;20;LW;1;2,00;383;5,00;0,1;0;1;England;0;1;10;1;0;0;;;0;0;;;;;;;;;;;
Mohamed Salah;Liverpool;25;RW;1;35,00;1117;9,00;12,4;0;4;Egypt;1;3;10;1;0;0;;;0;0;;;;;;;;;;;
Danny Ings;Liverpool;24;CF;1;8,00;748;5,50;0,1;0;1;England;0;2;10;1;0;0;;;0;0;;;;;;;;;;;
Dominic Solanke;Liverpool;19;CF;1;2,00;671;5,00;2;0;1;England;0;1;10;1;0;0;;;0;0;;;;;;;;;;;
Ederson Moraes;Manchester+City;23;GK;4;22,00;297;5,50;4,5;0;3;Brazil;1;2;11;1;0;0;;;0;;;;0;;;;;;;;
Bernardo Silva;Manchester+City;22;RW;1;40,00;1098;8,00;4,6;0;2;Portugal;1;2;11;1;0;0;;;0;0;;;;;;;;;;;
Victor Lindelof;Manchester+United;23;CB;3;22,00;950;5,50;17;0;2;Sweden;1;2;12;1;0;0;;;0;;;0;;;;;;;;;
Rob Elliot;Newcastle+United;31;GK;4;1,00;134;4,00;13,5;0;2;Ireland;0;4;13;0;0;0;;;0;;;;0;;;;;;;;
Karl Darlow;Newcastle+United;26;GK;4;4,50;235;4,50;1,1;0;1;England;0;3;13;0;0;0;;;0;;;;0;;;;;;;;
DeAndre Yedlin;Newcastle+United;24;RB;3;5,00;764;4,50;5,2;0;3;United States;0;2;13;0;0;0;;;0;;;0;;;;;;;;;
Ciaran Clark;Newcastle+United;27;CB;3;5,00;273;4,50;0,9;0;2;Ireland;0;3;13;0;0;0;;;0;;;0;;;;;;;;;
Lascelles;Newcastle+United;27;CB;3;5,00;400;4,50;3,6;0;1;England;0;3;13;0;0;0;;;0;;;0;;;;;;;;;
Paul Dummett;Newcastle+United;25;LB;3;3,50;177;4,50;1;0;2;Wales;0;3;13;0;0;0;;;0;;;0;;;;;;;;;
Grant Hanley;Newcastle+United;25;CB;3;4,50;265;4,00;2,5;0;2;Scotland;0;3;13;0;0;0;;;0;;;0;;;;;;;;;
Jesus Gamez;Newcastle+United;32;RB;3;2,50;186;4,00;2,3;0;2;Spain;0;5;13;0;0;0;;;0;;;0;;;;;;;;;
Florian Lejeune;Newcastle+United;26;CB;3;5,00;65;4,50;1;0;2;France;0;3;13;0;0;0;;;0;;;0;;;;;;;;;
Massadio Haidara;Newcastle+United;24;LB;3;1,50;114;4,00;0,5;0;2;France;0;2;13;0;0;0;;;0;;;0;;;;;;;;;
Matt Ritchie;Newcastle+United;27;RM;2;9,00;566;6,00;4,2;0;2;Scotland;0;3;13;0;0;0;;;0;;0;;;;;;;;;;
Jonjo Shelvey;Newcastle+United;25;CM;2;11,00;747;5,50;2,5;0;1;England;0;3;13;0;0;0;;;0;;0;;;;;;;;;;
Mohamed Diame;Newcastle+United;30;CM;2;6,00;339;5,00;0,5;0;4;Senegal;0;4;13;0;0;0;;;0;;0;;;;;;;;;;
Jack Colback;Newcastle+United;27;DM;2;5,00;181;4,50;1,1;0;1;England;0;3;13;0;0;0;;;0;;0;;;;;;;;;;
Christian Atsu;Newcastle+United;25;RW;1;5,00;641;5,00;2,1;0;4;Ghana;0;3;13;0;0;0;;;0;0;;;;;;;;;;;
Siem de Jong;Newcastle+United;28;AM;1;5,50;341;5,00;0,1;0;2;Netherlands;0;4;13;0;0;0;;;0;0;;;;;;;;;;;
Rolando Aarons;Newcastle+United;21;LW;1;0,75;170;4,50;0,1;0;1;England;0;1;13;0;0;0;;;0;0;;;;;;;;;;;
Dwight Gayle;Newcastle+United;26;CF;1;10,00;1351;6,50;11,4;0;1;England;0;3;13;0;0;0;;;0;0;;;;;;;;;;;
Ayoze Perez;Newcastle+United;23;SS;1;8,00;368;5,50;1,6;0;2;Spain;0;2;13;0;0;0;;;0;0;;;;;;;;;;;
Aleksandar Mitrovic;Newcastle+United;22;CF;1;10,00;781;5,00;2,5;0;2;Serbia;0;2;13;0;0;0;;;0;0;;;;;;;;;;;
Daryl Murphy;Newcastle+United;34;CF;1;1,50;541;4,50;2,8;0;2;Ireland;0;6;13;0;0;0;;;0;0;;;;;;;;;;;
Jason McCarthy;Southampton;21;CB;3;0,25;53;4,50;0,1;0;1;England;0;1;14;0;0;0;;;0;;;0;;;;;;;;;
Jan Bednarek;Southampton;21;CB;3;0,50;9;4,50;0,4;0;2;Poland;1;1;14;0;0;0;;;0;;;0;;;;;;;;;
Roque Mesa;Swansea;28;CM;2;12,00;110;4,50;0,9;0;2;Spain;1;4;16;0;0;0;;;0;;0;;;;;;;;;;
Tammy Abraham;Swansea;19;CF;1;8,00;1227;5,50;3,3;0;1;England;0;1;16;0;0;0;;;0;0;;;;;;;;;;;
Kiko Femenia;Watford;26;RB;3;4,00;74;4,50;0,3;0;2;Spain;1;3;18;0;0;0;;;0;;;0;;;;;;;;;
Steven Berghuis;Watford;25;RW;1;5,50;164;5,00;0,1;0;2;Netherlands;0;3;18;0;0;0;;;0;0;;;;;;;;;;;
Will Hughes;Watford;22;CM;2;8,00;258;5,00;0,6;0;1;England;1;2;18;0;0;0;;;0;;0;;;;;;;;;;
Boaz Myhill;West+Brom;34;GK;4;1,50;100;4,00;5,3;0;2;Wales;0;6;19;0;0;0;;;0;;;;0;;;;;;;;
Ahmed Hegazy;West+Brom;26;CB;3;1,00;82;4,50;1,3;0;4;Egypt;1;3;19;0;0;0;;;0;;;0;;;;;;;;;
;;;;;;;;;;;;;;;;;;;;;;;;;;;;;;;;
;;;;;;;;;;;;;;;;;;;;;;;;;;;;;;;;
;;;;;;;;;;;;;;;;;;;;;;;;;;;;;;;;
;;;;;;;;;;;;;;;;;;;;;;;;;;;;;;;;
;;;;;;;;;;;;;;;;;;;;;;;;;;;;;;;;
;;;;;;;;;;;;;;;;;;;;;;;;;;;;;;;;
;;;;;;;;;;;;;;;;;;;;;;;;;;;;;;;;
;;;;;;;;;;;;;;;;;;;;;;;;;;;;;;;;
;;;;;;;;;;;;;;;;;;;;;;;;;;;;;;;;
;;;;;;;;;;;;;;;;;;;;;;;;;;;;;;;;
;;;;;;;;;;;;;;;;;;;;;;;;;;;;;;;;
;;;;;;;;;;;;;;;;;;;;;;;;;;;;;;;;
;;;;;;;;;;;;;;;;;;;;;;;;;;;;;;;;
;;;;;;;;;;;;;;;;;;;;;;;;;;;;;;;;
;;;;;;;;;;;;;;;;;;;;;;;;;;;;;;;;
;;;;;;;;;;;;;;;;;;;;;;;;;;;;;;;;
;;;;;;;;;;;;;;;;;;;;;;;;;;;;;;;;
;;;;;;;;;;;;;;;;;;;;;;;;;;;;;;;;
;;;;;;;;;;;;;;;;;;;;;;;;;;;;;;;;
;;;;;;;;;;;;;;;;;;;;;;;;;;;;;;;;
;;;;;;;;;;;;;;;;;;;;;;;;;;;;;;;;
;;;;;;;;;;;;;;;;;;;;;;;;;;;;;;;;
;;;;;;;;;;;;;;;;;;;;;;;;;;;;;;;;
;;;;;;;;;;;;;;;;;;;;;;;;;;;;;;;;
;;;;;;;;;;;;;;;;;;;;;;;;;;;;;;;;
;;;;;;;;;;;;;;;;;;;;;;;;;;;;;;;;
;;;;;;;;;;;;;;;;;;;;;;;;;;;;;;;;
;;;;;;;;;;;;;;;;;;;;;;;;;;;;;;;;
